time,x,y,z,qx,qy,qz,qw,type
0.0,0.0,5.0,0.0,0.0,0.0,0.0,1.0,S
0.1,0.1,5.0,0.0,0.0,0.0,0.0,1.0,S
0.2,0.2,5.0,0.0,0.0,0.0,0.0,1.0,S
0.3,0.3,5.0,0.0,0.0,0.0,0.0,1.0,S
0.4,0.4,5.0,0.0,0.0,0.0,0.0,1.0,S
0.5,0.5,5.0,0.0,0.0,0.0,0.0,1.0,S
0.6,0.6,5.0,0.0,0.0,0.0,0.0,1.0,S
0.7,0.7,5.0,0.0,0.0,0.0,0.0,1.0,S
0.8,0.8,5.0,0.0,0.0,0.0,0.0,1.0,S
0.9,0.9,5.0,0.0,0.0,0.0,0.0,1.0,S
1.0,1.0,5.0,0.0,0.0,0.0,0.0,1.0,S
1.1,1.1,5.0,0.0,0.0,0.0,0.0,1.0,S
1.2,1.2,5.0,0.0,0.0,0.0,0.0,1.0,S
1.3,1.3,5.0,0.0,0.0,0.0,0.0,1.0,S
1.4,1.4,5.0,0.0,0.0,0.0,0.0,1.0,S
1.5,1.5,5.0,0.0,0.0,0.0,0.0,1.0,S
1.6,1.6,5.0,0.0,0.0,0.0,0.0,1.0,S
1.7,1.7,5.0,0.0,0.0,0.0,0.0,1.0,S
1.8,1.8,5.0,0.0,0.0,0.0,0.0,1.0,S
1.9,1.9,5.0,0.0,0.0,0.0,0.0,1.0,S
2.0,2.0,5.0,0.0,0.0,0.0,0.0,1.0,S
2.1,2.1,5.0,0.0,0.0,0.0,0.0,1.0,S
2.2,2.2,5.0,0.0,0.0,0.0,0.0,1.0,S
2.3,2.3,5.0,0.0,0.0,0.0,0.0,1.0,S
2.4,2.4,5.0,0.0,0.0,0.0,0.0,1.0,S
2.5,2.5,5.0,0.0,0.0,0.0,0.0,1.0,S
2.6,2.6,5.0,0.0,0.0,0.0,0.0,1.0,S
2.7,2.7,5.0,0.0,0.0,0.0,0.0,1.0,S
2.8,2.8,5.0,0.0,0.0,0.0,0.0,1.0,S
2.9,2.9,5.0,0.0,0.0,0.0,0.0,1.0,S
3.0,3.0,5.0,0.0,0.0,0.0,0.0,1.0,S
3.1,3.1,5.0,0.0,0.0,0.0,0.0,1.0,S
3.2,3.2,5.0,0.0,0.0,0.0,0.0,1.0,S
3.3,3.3,5.0,0.0,0.0,0.0,0.0,1.0,S
3.4,3.4,5.0,0.0,0.0,0.0,0.0,1.0,S
3.5,3.5,5.0,0.0,0.0,0.0,0.0,1.0,S
3.6,3.6,5.0,0.0,0.0,0.0,0.0,1.0,S
3.7,3.7,5.0,0.0,0.0,0.0,0.0,1.0,S
3.8,3.8,5.0,0.0,0.0,0.0,0.0,1.0,S
3.9,3.9,5.0,0.0,0.0,0.0,0.0,1.0,S
4.0,4.0,5.0,0.0,0.0,0.0,0.0,1.0,S
4.1,4.1,5.0,0.0,0.0,0.0,0.0,1.0,S
4.2,4.2,5.0,0.0,0.0,0.0,0.0,1.0,S
4.3,4.3,5.0,0.0,0.0,0.0,0.0,1.0,S
4.4,4.4,5.0,0.0,0.0,0.0,0.0,1.0,S
4.5,4.5,5.0,0.0,0.0,0.0,0.0,1.0,S
4.6,4.6,5.0,0.0,0.0,0.0,0.0,1.0,S
4.7,4.7,5.0,0.0,0.0,0.0,0.0,1.0,S
4.8,4.8,5.0,0.0,0.0,0.0,0.0,1.0,S
4.9,4.9,5.0,0.0,0.0,0.0,0.0,1.0,S
5.0,5.0,5.0,0.0,0.0,0.0,0.0,1.0,S
5.1,5.1,5.0,0.0,0.0,0.0,0.0,1.0,S
5.2,5.2,5.0,0.0,0.0,0.0,0.0,1.0,S
5.3,5.3,5.0,0.0,0.0,0.0,0.0,1.0,S
5.4,5.4,5.0,0.0,0.0,0.0,0.0,1.0,S
5.5,5.5,5.0,0.0,0.0,0.0,0.0,1.0,S
5.6,5.6,5.0,0.0,0.0,0.0,0.0,1.0,S
5.7,5.7,5.0,0.0,0.0,0.0,0.0,1.0,S
5.8,5.8,5.0,0.0,0.0,0.0,0.0,1.0,S
5.9,5.9,5.0,0.0,0.0,0.0,0.0,1.0,S
6.0,6.0,5.0,0.0,0.0,0.0,0.0,1.0,S
6.1,6.1,5.0,0.0,0.0,0.0,0.0,1.0,S
6.2,6.2,5.0,0.0,0.0,0.0,0.0,1.0,S
6.3,6.3,5.0,0.0,0.0,0.0,0.0,1.0,S
6.4,6.4,5.0,0.0,0.0,0.0,0.0,1.0,S
6.5,6.5,5.0,0.0,0.0,0.0,0.0,1.0,S
6.6,6.6,5.0,0.0,0.0,0.0,0.0,1.0,S
6.7,6.7,5.0,0.0,0.0,0.0,0.0,1.0,S
6.8,6.8,5.0,0.0,0.0,0.0,0.0,1.0,S
6.9,6.9,5.0,0.0,0.0,0.0,0.0,1.0,S
7.0,7.0,5.0,0.0,0.0,0.0,0.0,1.0,S
7.1,7.1,5.0,0.0,0.0,0.0,0.0,1.0,S
7.2,7.2,5.0,0.0,0.0,0.0,0.0,1.0,S
7.3,7.3,5.0,0.0,0.0,0.0,0.0,1.0,S
7.4,7.4,5.0,0.0,0.0,0.0,0.0,1.0,S
7.5,7.5,5.0,0.0,0.0,0.0,0.0,1.0,S
7.6,7.6,5.0,0.0,0.0,0.0,0.0,1.0,S
7.7,7.7,5.0,0.0,0.0,0.0,0.0,1.0,S
7.8,7.8,5.0,0.0,0.0,0.0,0.0,1.0,S
7.9,7.9,5.0,0.0,0.0,0.0,0.0,1.0,S
8.0,8.0,5.0,0.0,0.0,0.0,0.0,1.0,S
8.1,8.1,5.0,0.0,0.0,0.0,0.0,1.0,S
8.2,8.2,5.0,0.0,0.0,0.0,0.0,1.0,S
8.3,8.3,5.0,0.0,0.0,0.0,0.0,1.0,S
8.4,8.4,5.0,0.0,0.0,0.0,0.0,1.0,S
8.5,8.5,5.0,0.0,0.0,0.0,0.0,1.0,S
8.6,8.6,5.0,0.0,0.0,0.0,0.0,1.0,S
8.7,8.7,5.0,0.0,0.0,0.0,0.0,1.0,S
8.8,8.8,5.0,0.0,0.0,0.0,0.0,1.0,S
8.9,8.9,5.0,0.0,0.0,0.0,0.0,1.0,S
9.0,9.0,5.0,0.0,0.0,0.0,0.0,1.0,S
9.1,9.1,5.0,0.0,0.0,0.0,0.0,1.0,S
9.2,9.2,5.0,0.0,0.0,0.0,0.0,1.0,S
9.3,9.3,5.0,0.0,0.0,0.0,0.0,1.0,S
9.4,9.4,5.0,0.0,0.0,0.0,0.0,1.0,S
9.5,9.5,5.0,0.0,0.0,0.0,0.0,1.0,S
9.6,9.6,5.0,0.0,0.0,0.0,0.0,1.0,S
9.7,9.7,5.0,0.0,0.0,0.0,0.0,1.0,S
9.8,9.8,5.0,0.0,0.0,0.0,0.0,1.0,S
9.9,9.9,5.0,0.0,0.0,0.0,0.0,1.0,S
10.0,10.0,5.0,0.0,0.0,0.0,0.0,1.0,S
10.1,10.1,5.0,0.0,0.0,0.0,0.0,1.0,S
10.2,10.2,5.0,0.0,0.0,0.0,0.0,1.0,S
10.3,10.3,5.0,0.0,0.0,0.0,0.0,1.0,S
10.4,10.4,5.0,0.0,0.0,0.0,0.0,1.0,S
10.5,10.5,5.0,0.0,0.0,0.0,0.0,1.0,S
10.6,10.6,5.0,0.0,0.0,0.0,0.0,1.0,S
10.7,10.7,5.0,0.0,0.0,0.0,0.0,1.0,S
10.8,10.8,5.0,0.0,0.0,0.0,0.0,1.0,S
10.9,10.9,5.0,0.0,0.0,0.0,0.0,1.0,S
11.0,11.0,5.0,0.0,0.0,0.0,0.0,1.0,S
11.1,11.1,5.0,0.0,0.0,0.0,0.0,1.0,S
11.2,11.2,5.0,0.0,0.0,0.0,0.0,1.0,S
11.3,11.3,5.0,0.0,0.0,0.0,0.0,1.0,S
11.4,11.4,5.0,0.0,0.0,0.0,0.0,1.0,S
11.5,11.5,5.0,0.0,0.0,0.0,0.0,1.0,S
11.6,11.6,5.0,0.0,0.0,0.0,0.0,1.0,S
11.7,11.7,5.0,0.0,0.0,0.0,0.0,1.0,S
11.8,11.8,5.0,0.0,0.0,0.0,0.0,1.0,S
11.9,11.9,5.0,0.0,0.0,0.0,0.0,1.0,S
12.0,12.0,5.0,0.0,0.0,0.0,0.0,1.0,S
12.1,12.1,5.0,0.0,0.0,0.0,0.0,1.0,S
12.2,12.2,5.0,0.0,0.0,0.0,0.0,1.0,S
12.3,12.3,5.0,0.0,0.0,0.0,0.0,1.0,S
12.4,12.4,5.0,0.0,0.0,0.0,0.0,1.0,S
12.5,12.5,5.0,0.0,0.0,0.0,0.0,1.0,S
12.6,12.6,5.0,0.0,0.0,0.0,0.0,1.0,S
12.7,12.7,5.0,0.0,0.0,0.0,0.0,1.0,S
12.8,12.8,5.0,0.0,0.0,0.0,0.0,1.0,S
12.9,12.9,5.0,0.0,0.0,0.0,0.0,1.0,S
13.0,13.0,5.0,0.0,0.0,0.0,0.0,1.0,S
13.1,13.1,5.0,0.0,0.0,0.0,0.0,1.0,S
13.2,13.2,5.0,0.0,0.0,0.0,0.0,1.0,S
13.3,13.3,5.0,0.0,0.0,0.0,0.0,1.0,S
13.4,13.4,5.0,0.0,0.0,0.0,0.0,1.0,S
13.5,13.5,5.0,0.0,0.0,0.0,0.0,1.0,S
13.6,13.6,5.0,0.0,0.0,0.0,0.0,1.0,S
13.7,13.7,5.0,0.0,0.0,0.0,0.0,1.0,S
13.8,13.8,5.0,0.0,0.0,0.0,0.0,1.0,S
13.9,13.9,5.0,0.0,0.0,0.0,0.0,1.0,S
14.0,14.0,5.0,0.0,0.0,0.0,0.0,1.0,S
14.1,14.1,5.0,0.0,0.0,0.0,0.0,1.0,S
14.2,14.2,5.0,0.0,0.0,0.0,0.0,1.0,S
14.3,14.3,5.0,0.0,0.0,0.0,0.0,1.0,S
14.4,14.4,5.0,0.0,0.0,0.0,0.0,1.0,S
14.5,14.5,5.0,0.0,0.0,0.0,0.0,1.0,S
14.6,14.6,5.0,0.0,0.0,0.0,0.0,1.0,S
14.7,14.7,5.0,0.0,0.0,0.0,0.0,1.0,S
14.8,14.8,5.0,0.0,0.0,0.0,0.0,1.0,S
14.9,14.9,5.0,0.0,0.0,0.0,0.0,1.0,S
15.0,15.0,5.0,0.0,0.0,0.0,0.0,1.0,S
15.1,15.1,5.0,0.0,0.0,0.0,0.0,1.0,S
15.2,15.2,5.0,0.0,0.0,0.0,0.0,1.0,S
15.3,15.3,5.0,0.0,0.0,0.0,0.0,1.0,S
15.4,15.4,5.0,0.0,0.0,0.0,0.0,1.0,S
15.5,15.5,5.0,0.0,0.0,0.0,0.0,1.0,S
15.6,15.6,5.0,0.0,0.0,0.0,0.0,1.0,S
15.7,15.7,5.0,0.0,0.0,0.0,0.0,1.0,S
15.8,15.8,5.0,0.0,0.0,0.0,0.0,1.0,S
15.9,15.9,5.0,0.0,0.0,0.0,0.0,1.0,S
16.0,16.0,5.0,0.0,0.0,0.0,0.0,1.0,S
16.1,16.1,5.0,0.0,0.0,0.0,0.0,1.0,S
16.2,16.2,5.0,0.0,0.0,0.0,0.0,1.0,S
16.3,16.3,5.0,0.0,0.0,0.0,0.0,1.0,S
16.4,16.4,5.0,0.0,0.0,0.0,0.0,1.0,S
16.5,16.5,5.0,0.0,0.0,0.0,0.0,1.0,S
16.6,16.6,5.0,0.0,0.0,0.0,0.0,1.0,S
16.7,16.7,5.0,0.0,0.0,0.0,0.0,1.0,S
16.8,16.8,5.0,0.0,0.0,0.0,0.0,1.0,S
16.9,16.9,5.0,0.0,0.0,0.0,0.0,1.0,S
17.0,17.0,5.0,0.0,0.0,0.0,0.0,1.0,S
17.1,17.1,5.0,0.0,0.0,0.0,0.0,1.0,S
17.2,17.2,5.0,0.0,0.0,0.0,0.0,1.0,S
17.3,17.3,5.0,0.0,0.0,0.0,0.0,1.0,S
17.4,17.4,5.0,0.0,0.0,0.0,0.0,1.0,S
17.5,17.5,5.0,0.0,0.0,0.0,0.0,1.0,S
17.6,17.6,5.0,0.0,0.0,0.0,0.0,1.0,S
17.7,17.7,5.0,0.0,0.0,0.0,0.0,1.0,S
17.8,17.8,5.0,0.0,0.0,0.0,0.0,1.0,S
17.9,17.9,5.0,0.0,0.0,0.0,0.0,1.0,S
18.0,18.0,5.0,0.0,0.0,0.0,0.0,1.0,S
18.1,18.1,5.0,0.0,0.0,0.0,0.0,1.0,S
18.2,18.2,5.0,0.0,0.0,0.0,0.0,1.0,S
18.3,18.3,5.0,0.0,0.0,0.0,0.0,1.0,S
18.4,18.4,5.0,0.0,0.0,0.0,0.0,1.0,S
18.5,18.5,5.0,0.0,0.0,0.0,0.0,1.0,S
18.6,18.6,5.0,0.0,0.0,0.0,0.0,1.0,S
18.7,18.7,5.0,0.0,0.0,0.0,0.0,1.0,S
18.8,18.8,5.0,0.0,0.0,0.0,0.0,1.0,S
18.9,18.9,5.0,0.0,0.0,0.0,0.0,1.0,S
19.0,19.0,5.0,0.0,0.0,0.0,0.0,1.0,S
19.1,19.1,5.0,0.0,0.0,0.0,0.0,1.0,S
19.2,19.2,5.0,0.0,0.0,0.0,0.0,1.0,S
19.3,19.3,5.0,0.0,0.0,0.0,0.0,1.0,S
19.4,19.4,5.0,0.0,0.0,0.0,0.0,1.0,S
19.5,19.5,5.0,0.0,0.0,0.0,0.0,1.0,S
19.6,19.6,5.0,0.0,0.0,0.0,0.0,1.0,S
19.7,19.7,5.0,0.0,0.0,0.0,0.0,1.0,S
19.8,19.8,5.0,0.0,0.0,0.0,0.0,1.0,S
19.9,19.9,5.0,0.0,0.0,0.0,0.0,1.0,S
20.0,20.0,5.0,0.0,0.0,0.0,0.0,1.0,S
20.1,20.1,5.0,0.0,0.0,0.0,0.0,1.0,S
20.2,20.2,5.0,0.0,0.0,0.0,0.0,1.0,S
20.3,20.3,5.0,0.0,0.0,0.0,0.0,1.0,S
20.4,20.4,5.0,0.0,0.0,0.0,0.0,1.0,S
20.5,20.5,5.0,0.0,0.0,0.0,0.0,1.0,S
20.6,20.6,5.0,0.0,0.0,0.0,0.0,1.0,S
20.7,20.7,5.0,0.0,0.0,0.0,0.0,1.0,S
20.8,20.8,5.0,0.0,0.0,0.0,0.0,1.0,S
20.9,20.9,5.0,0.0,0.0,0.0,0.0,1.0,S
21.0,21.0,5.0,0.0,0.0,0.0,0.0,1.0,S
21.1,21.1,5.0,0.0,0.0,0.0,0.0,1.0,S
21.2,21.2,5.0,0.0,0.0,0.0,0.0,1.0,S
21.3,21.3,5.0,0.0,0.0,0.0,0.0,1.0,S
21.4,21.4,5.0,0.0,0.0,0.0,0.0,1.0,S
21.5,21.5,5.0,0.0,0.0,0.0,0.0,1.0,S
21.6,21.6,5.0,0.0,0.0,0.0,0.0,1.0,S
21.7,21.7,5.0,0.0,0.0,0.0,0.0,1.0,S
21.8,21.8,5.0,0.0,0.0,0.0,0.0,1.0,S
21.9,21.9,5.0,0.0,0.0,0.0,0.0,1.0,S
22.0,22.0,5.0,0.0,0.0,0.0,0.0,1.0,S
22.1,22.1,5.0,0.0,0.0,0.0,0.0,1.0,S
22.2,22.2,5.0,0.0,0.0,0.0,0.0,1.0,S
22.3,22.3,5.0,0.0,0.0,0.0,0.0,1.0,S
22.4,22.4,5.0,0.0,0.0,0.0,0.0,1.0,S
22.5,22.5,5.0,0.0,0.0,0.0,0.0,1.0,S
22.6,22.6,5.0,0.0,0.0,0.0,0.0,1.0,S
22.7,22.7,5.0,0.0,0.0,0.0,0.0,1.0,S
22.8,22.8,5.0,0.0,0.0,0.0,0.0,1.0,S
22.9,22.9,5.0,0.0,0.0,0.0,0.0,1.0,S
23.0,23.0,5.0,0.0,0.0,0.0,0.0,1.0,S
23.1,23.1,5.0,0.0,0.0,0.0,0.0,1.0,S
23.2,23.2,5.0,0.0,0.0,0.0,0.0,1.0,S
23.3,23.3,5.0,0.0,0.0,0.0,0.0,1.0,S
23.4,23.4,5.0,0.0,0.0,0.0,0.0,1.0,S
23.5,23.5,5.0,0.0,0.0,0.0,0.0,1.0,S
23.6,23.6,5.0,0.0,0.0,0.0,0.0,1.0,S
23.7,23.7,5.0,0.0,0.0,0.0,0.0,1.0,S
23.8,23.8,5.0,0.0,0.0,0.0,0.0,1.0,S
23.9,23.9,5.0,0.0,0.0,0.0,0.0,1.0,S
24.0,24.0,5.0,0.0,0.0,0.0,0.0,1.0,S
24.1,24.1,5.0,0.0,0.0,0.0,0.0,1.0,S
24.2,24.2,5.0,0.0,0.0,0.0,0.0,1.0,S
24.3,24.3,5.0,0.0,0.0,0.0,0.0,1.0,S
24.4,24.4,5.0,0.0,0.0,0.0,0.0,1.0,S
24.5,24.5,5.0,0.0,0.0,0.0,0.0,1.0,S
24.6,24.6,5.0,0.0,0.0,0.0,0.0,1.0,S
24.7,24.7,5.0,0.0,0.0,0.0,0.0,1.0,S
24.8,24.8,5.0,0.0,0.0,0.0,0.0,1.0,S
24.9,24.9,5.0,0.0,0.0,0.0,0.0,1.0,S
25.0,25.0,5.0,0.0,0.0,0.0,0.0,1.0,S
25.1,25.1,5.0,0.0,0.0,0.0,0.0,1.0,S
25.2,25.2,5.0,0.0,0.0,0.0,0.0,1.0,S
25.3,25.3,5.0,0.0,0.0,0.0,0.0,1.0,S
25.4,25.4,5.0,0.0,0.0,0.0,0.0,1.0,S
25.5,25.5,5.0,0.0,0.0,0.0,0.0,1.0,S
25.6,25.6,5.0,0.0,0.0,0.0,0.0,1.0,S
25.7,25.7,5.0,0.0,0.0,0.0,0.0,1.0,S
25.8,25.8,5.0,0.0,0.0,0.0,0.0,1.0,S
25.9,25.9,5.0,0.0,0.0,0.0,0.0,1.0,S
26.0,26.0,5.0,0.0,0.0,0.0,0.0,1.0,S
26.1,26.1,5.0,0.0,0.0,0.0,0.0,1.0,S
26.2,26.2,5.0,0.0,0.0,0.0,0.0,1.0,S
26.3,26.3,5.0,0.0,0.0,0.0,0.0,1.0,S
26.4,26.4,5.0,0.0,0.0,0.0,0.0,1.0,S
26.5,26.5,5.0,0.0,0.0,0.0,0.0,1.0,S
26.6,26.6,5.0,0.0,0.0,0.0,0.0,1.0,S
26.7,26.7,5.0,0.0,0.0,0.0,0.0,1.0,S
26.8,26.8,5.0,0.0,0.0,0.0,0.0,1.0,S
26.9,26.9,5.0,0.0,0.0,0.0,0.0,1.0,S
27.0,27.0,5.0,0.0,0.0,0.0,0.0,1.0,S
27.1,27.1,5.0,0.0,0.0,0.0,0.0,1.0,S
27.2,27.2,5.0,0.0,0.0,0.0,0.0,1.0,S
27.3,27.3,5.0,0.0,0.0,0.0,0.0,1.0,S
27.4,27.4,5.0,0.0,0.0,0.0,0.0,1.0,S
27.5,27.5,5.0,0.0,0.0,0.0,0.0,1.0,S
27.6,27.6,5.0,0.0,0.0,0.0,0.0,1.0,S
27.7,27.7,5.0,0.0,0.0,0.0,0.0,1.0,S
27.8,27.8,5.0,0.0,0.0,0.0,0.0,1.0,S
27.9,27.9,5.0,0.0,0.0,0.0,0.0,1.0,S
28.0,28.0,5.0,0.0,0.0,0.0,0.0,1.0,S
28.1,28.1,5.0,0.0,0.0,0.0,0.0,1.0,S
28.2,28.2,5.0,0.0,0.0,0.0,0.0,1.0,S
28.3,28.3,5.0,0.0,0.0,0.0,0.0,1.0,S
28.4,28.4,5.0,0.0,0.0,0.0,0.0,1.0,S
28.5,28.5,5.0,0.0,0.0,0.0,0.0,1.0,S
28.6,28.6,5.0,0.0,0.0,0.0,0.0,1.0,S
28.7,28.7,5.0,0.0,0.0,0.0,0.0,1.0,S
28.8,28.8,5.0,0.0,0.0,0.0,0.0,1.0,S
28.9,28.9,5.0,0.0,0.0,0.0,0.0,1.0,S
29.0,29.0,5.0,0.0,0.0,0.0,0.0,1.0,S
29.1,29.1,5.0,0.0,0.0,0.0,0.0,1.0,S
29.2,29.2,5.0,0.0,0.0,0.0,0.0,1.0,S
29.3,29.3,5.0,0.0,0.0,0.0,0.0,1.0,S
29.4,29.4,5.0,0.0,0.0,0.0,0.0,1.0,S
29.5,29.5,5.0,0.0,0.0,0.0,0.0,1.0,S
29.6,29.6,5.0,0.0,0.0,0.0,0.0,1.0,S
29.7,29.7,5.0,0.0,0.0,0.0,0.0,1.0,S
29.8,29.8,5.0,0.0,0.0,0.0,0.0,1.0,S
29.9,29.9,5.0,0.0,0.0,0.0,0.0,1.0,S
30.0,30.0,5.0,0.0,0.0,0.0,0.0,1.0,S
30.0,30.0,5.0,0.0,0.0,0.0,0.0,1.0,T
30.1,30.09,5.0,0.0,0.0,0.0,0.001,1.0,T
30.2,30.17,5.0,0.0,0.0,0.0,0.003,0.999996,T
30.3,30.25,5.0,0.0,0.0,0.0,0.005,0.999988,T
30.4,30.33,5.0,0.0,0.0,0.0,0.006999,0.999976,T
30.5,30.41,5.0,0.0,0.0,0.0,0.008999,0.99996,T
30.6,30.49,5.01,0.0,0.0,0.0,0.011009,0.999939,T
30.7,30.57,5.01,0.0,0.0,0.0,0.012997,0.999916,T
30.8,30.65,5.01,0.0,0.0,0.0,0.014995,0.999888,T
30.9,30.73,5.01,0.0,0.0,0.0,0.01701,0.999855,T
31.0,30.81,5.02,0.0,0.0,0.0,0.019009,0.999819,T
31.1,30.89,5.02,0.0,0.0,0.0,0.021007,0.999779,T
31.2,30.97,5.02,0.0,0.0,0.0,0.023005,0.999735,T
31.3,31.05,5.03,0.0,0.0,0.0,0.025002,0.999687,T
31.4,31.13,5.03,0.0,0.0,0.0,0.026997,0.999636,T
31.5,31.21,5.04,0.0,0.0,0.0,0.029021,0.999579,T
31.6,31.29,5.04,0.0,0.0,0.0,0.031017,0.999519,T
31.7,31.37,5.05,0.0,0.0,0.0,0.033012,0.999455,T
31.8,31.45,5.05,0.0,0.0,0.0,0.035041,0.999386,T
31.9,31.53,5.06,0.0,0.0,0.0,0.036998,0.999315,T
32.0,31.61,5.06,0.0,0.0,0.0,0.039028,0.999238,T
32.1,31.69,5.07,0.0,0.0,0.0,0.040562,0.999177,T
32.2,31.77,5.08,0.0,0.0,0.0,0.04301,0.999075,T
32.3,31.85,5.09,0.0,0.0,0.0,0.045043,0.998985,T
32.4,31.93,5.09,0.0,0.0,0.0,0.047079,0.998891,T
32.5,32.01,5.1,0.0,0.0,0.0,0.049068,0.998795,T
32.6,32.09,5.11,0.0,0.0,0.0,0.051056,0.998696,T
32.7,32.17,5.12,0.0,0.0,0.0,0.053041,0.998592,T
32.8,32.25,5.13,0.0,0.0,0.0,0.054584,0.998509,T
32.9,32.32,5.14,0.0,0.0,0.0,0.05712,0.998367,T
33.0,32.4,5.14,0.0,0.0,0.0,0.059104,0.998252,T
33.1,32.48,5.15,0.0,0.0,0.0,0.061086,0.998133,T
33.2,32.57,5.17,0.0,0.0,0.0,0.062633,0.998037,T
33.3,32.64,5.18,0.0,0.0,0.0,0.065172,0.997874,T
33.4,32.72,5.19,0.0,0.0,0.0,0.066656,0.997776,T
33.5,32.8,5.2,0.0,0.0,0.0,0.069127,0.997608,T
33.6,32.88,5.21,0.0,0.0,0.0,0.071171,0.997464,T
33.7,32.96,5.22,0.0,0.0,0.0,0.072724,0.997352,T
33.8,33.04,5.23,0.0,0.0,0.0,0.074697,0.997206,T
33.9,33.11,5.24,0.0,0.0,0.0,0.077236,0.997013,T
34.0,33.2,5.26,0.0,0.0,0.0,0.078713,0.996897,T
34.1,33.28,5.27,0.0,0.0,0.0,0.08084,0.996727,T
34.2,33.35,5.28,0.0,0.0,0.0,0.083217,0.996531,T
34.3,33.43,5.3,0.0,0.0,0.0,0.084857,0.996393,T
34.4,33.51,5.31,0.0,0.0,0.0,0.086821,0.996224,T
34.5,33.59,5.32,0.0,0.0,0.0,0.08887,0.996043,T
34.6,33.67,5.34,0.0,0.0,0.0,0.090829,0.995866,T
34.7,33.75,5.35,0.0,0.0,0.0,0.092878,0.995678,T
34.8,33.83,5.37,0.0,0.0,0.0,0.094927,0.995484,T
34.9,33.9,5.38,0.0,0.0,0.0,0.096976,0.995287,T
35.0,33.99,5.4,0.0,0.0,0.0,0.098538,0.995133,T
35.1,34.06,5.42,0.0,0.0,0.0,0.100976,0.994889,T
35.2,34.14,5.43,0.0,0.0,0.0,0.103024,0.994679,T
35.3,34.22,5.45,0.0,0.0,0.0,0.104587,0.994516,T
35.4,34.3,5.47,0.0,0.0,0.0,0.106636,0.994298,T
35.5,34.37,5.48,0.0,0.0,0.0,0.109171,0.994023,T
35.6,34.45,5.5,0.0,0.0,0.0,0.110625,0.993862,T
35.7,34.53,5.52,0.0,0.0,0.0,0.112784,0.99362,T
35.8,34.61,5.54,0.0,0.0,0.0,0.11472,0.993398,T
35.9,34.69,5.56,0.0,0.0,0.0,0.116767,0.993159,T
36.0,34.76,5.58,0.0,0.0,0.0,0.118813,0.992917,T
36.1,34.84,5.6,0.0,0.0,0.0,0.120378,0.992728,T
36.2,34.92,5.61,0.0,0.0,0.0,0.123026,0.992403,T
36.3,35.0,5.63,0.0,0.0,0.0,0.12447,0.992223,T
36.4,35.08,5.65,0.0,0.0,0.0,0.126515,0.991965,T
36.5,35.15,5.67,0.0,0.0,0.0,0.129039,0.99164,T
36.6,35.23,5.7,0.0,0.0,0.0,0.130603,0.991435,T
36.7,35.31,5.72,0.0,0.0,0.0,0.132168,0.991227,T
36.8,35.38,5.74,0.0,0.0,0.0,0.134688,0.990888,T
36.9,35.46,5.76,0.0,0.0,0.0,0.136864,0.99059,T
37.0,35.54,5.78,0.0,0.0,0.0,0.138293,0.990391,T
37.1,35.61,5.8,0.0,0.0,0.0,0.14047,0.990085,T
37.2,35.69,5.83,0.0,0.0,0.0,0.142846,0.989745,T
37.3,35.77,5.85,0.0,0.0,0.0,0.144075,0.989567,T
37.4,35.84,5.87,0.0,0.0,0.0,0.146587,0.989198,T
37.5,35.92,5.9,0.0,0.0,0.0,0.148623,0.988894,T
37.6,36.0,5.92,0.0,0.0,0.0,0.150186,0.988658,T
37.7,36.07,5.94,0.0,0.0,0.0,0.15284,0.988251,T
37.8,36.15,5.97,0.0,0.0,0.0,0.154252,0.988032,T
37.9,36.23,5.99,0.0,0.0,0.0,0.155965,0.987763,T
38.0,36.3,6.02,0.0,0.0,0.0,0.158466,0.987364,T
38.1,36.37,6.04,0.0,0.0,0.0,0.160651,0.987011,T
38.2,36.45,6.07,0.0,0.0,0.0,0.162054,0.986782,T
38.3,36.53,6.1,0.0,0.0,0.0,0.164239,0.986421,T
38.4,36.6,6.12,0.0,0.0,0.0,0.166426,0.986054,T
38.5,36.68,6.15,0.0,0.0,0.0,0.167823,0.985817,T
38.6,36.75,6.17,0.0,0.0,0.0,0.170474,0.985362,T
38.7,36.83,6.2,0.0,0.0,0.0,0.172031,0.985092,T
38.8,36.9,6.23,0.0,0.0,0.0,0.174218,0.984707,T
38.9,36.98,6.26,0.0,0.0,0.0,0.175775,0.98443,T
39.0,37.05,6.28,0.0,0.0,0.0,0.178252,0.983985,T
39.1,37.13,6.31,0.0,0.0,0.0,0.17998,0.98367,T
39.2,37.2,6.34,0.0,0.0,0.0,0.181993,0.9833,T
39.3,37.28,6.37,0.0,0.0,0.0,0.183723,0.982978,T
39.4,37.35,6.4,0.0,0.0,0.0,0.18619,0.982514,T
39.5,37.43,6.43,0.0,0.0,0.0,0.187922,0.982184,T
39.6,37.5,6.46,0.0,0.0,0.0,0.189928,0.981798,T
39.7,37.58,6.49,0.0,0.0,0.0,0.191661,0.981461,T
39.8,37.65,6.52,0.0,0.0,0.0,0.193664,0.981068,T
39.9,37.72,6.55,0.0,0.0,0.0,0.195664,0.980671,T
40.0,37.8,6.58,0.0,0.0,0.0,0.19785,0.980232,T
40.1,37.87,6.61,0.0,0.0,0.0,0.199586,0.97988,T
40.2,37.94,6.65,0.0,0.0,0.0,0.20158,0.979472,T
40.3,38.02,6.68,0.0,0.0,0.0,0.203766,0.97902,T
40.4,38.09,6.71,0.0,0.0,0.0,0.205504,0.978656,T
40.5,38.16,6.74,0.0,0.0,0.0,0.207492,0.978237,T
40.6,38.24,6.78,0.0,0.0,0.0,0.209231,0.977866,T
40.7,38.31,6.81,0.0,0.0,0.0,0.211659,0.977344,T
40.8,38.39,6.84,0.0,0.0,0.0,0.212954,0.977062,T
40.9,38.45,6.87,0.0,0.0,0.0,0.215581,0.976486,T
41.0,38.53,6.91,0.0,0.0,0.0,0.217114,0.976146,T
41.1,38.6,6.94,0.0,0.0,0.0,0.219295,0.975659,T
41.2,38.67,6.98,0.0,0.0,0.0,0.221036,0.975266,T
41.3,38.74,7.01,0.0,0.0,0.0,0.223216,0.974769,T
41.4,38.82,7.05,0.0,0.0,0.0,0.225182,0.974317,T
41.5,38.89,7.08,0.0,0.0,0.0,0.226923,0.973913,T
41.6,38.96,7.12,0.0,0.0,0.0,0.2291,0.973403,T
41.7,39.03,7.16,0.0,0.0,0.0,0.230623,0.973043,T
41.8,39.1,7.19,0.0,0.0,0.0,0.233018,0.972473,T
41.9,39.18,7.23,0.0,0.0,0.0,0.234538,0.972107,T
42.0,39.24,7.26,0.0,0.0,0.0,0.236711,0.97158,T
42.1,39.31,7.3,0.0,0.0,0.0,0.238882,0.971049,T
42.2,39.39,7.34,0.0,0.0,0.0,0.240623,0.970619,T
42.3,39.45,7.38,0.0,0.0,0.0,0.242792,0.970078,T
42.4,39.53,7.42,0.0,0.0,0.0,0.244304,0.969699,T
42.5,39.6,7.45,0.0,0.0,0.0,0.246275,0.9692,T
42.6,39.67,7.49,0.0,0.0,0.0,0.248633,0.968598,T
42.7,39.74,7.53,0.0,0.0,0.0,0.249948,0.968259,T
42.8,39.81,7.57,0.0,0.0,0.0,0.252346,0.967637,T
42.9,39.88,7.61,0.0,0.0,0.0,0.25427,0.967133,T
43.0,39.95,7.65,0.0,0.0,0.0,0.256009,0.966675,T
43.1,40.01,7.69,0.0,0.0,0.0,0.258166,0.966101,T
43.2,40.09,7.73,0.0,0.0,0.0,0.259903,0.965635,T
43.3,40.15,7.77,0.0,0.0,0.0,0.261884,0.965099,T
43.4,40.22,7.81,0.0,0.0,0.0,0.263793,0.964579,T
43.5,40.29,7.85,0.0,0.0,0.0,0.265942,0.963989,T
43.6,40.36,7.89,0.0,0.0,0.0,0.267677,0.963509,T
43.7,40.43,7.93,0.0,0.0,0.0,0.269661,0.962955,T
43.8,40.5,7.98,0.0,0.0,0.0,0.271556,0.962423,T
43.9,40.56,8.02,0.0,0.0,0.0,0.273541,0.96186,T
44.0,40.64,8.06,0.0,0.0,0.0,0.27502,0.961438,T
44.1,40.7,8.1,0.0,0.0,0.0,0.277414,0.96075,T
44.2,40.77,8.15,0.0,0.0,0.0,0.279146,0.960249,T
44.3,40.83,8.19,0.0,0.0,0.0,0.28128,0.959626,T
44.4,40.9,8.23,0.0,0.0,0.0,0.28327,0.95904,T
44.5,40.97,8.28,0.0,0.0,0.0,0.284737,0.958606,T
44.6,41.03,8.32,0.0,0.0,0.0,0.287128,0.957892,T
44.7,41.1,8.37,0.0,0.0,0.0,0.28859,0.957453,T
44.8,41.17,8.41,0.0,0.0,0.0,0.290847,0.95677,T
44.9,41.23,8.45,0.0,0.0,0.0,0.292702,0.956204,T
45.0,41.3,8.5,0.0,0.0,0.0,0.294424,0.955675,T
45.1,41.37,8.54,0.0,0.0,0.0,0.296416,0.955059,T
45.2,41.43,8.59,0.0,0.0,0.0,0.29853,0.9544,T
45.3,41.5,8.63,0.0,0.0,0.0,0.300522,0.953775,T
45.4,41.57,8.68,0.0,0.0,0.0,0.301967,0.953318,T
45.5,41.63,8.73,0.0,0.0,0.0,0.303959,0.952685,T
45.6,41.69,8.77,0.0,0.0,0.0,0.306063,0.952011,T
45.7,41.76,8.82,0.0,0.0,0.0,0.308055,0.951369,T
45.8,41.82,8.87,0.0,0.0,0.0,0.309769,0.950812,T
45.9,41.89,8.92,0.0,0.0,0.0,0.311481,0.950253,T
46.0,41.95,8.96,0.0,0.0,0.0,0.313855,0.949471,T
46.1,42.02,9.01,0.0,0.0,0.0,0.315564,0.948904,T
46.2,42.08,9.06,0.0,0.0,0.0,0.317556,0.948239,T
46.3,42.14,9.11,0.0,0.0,0.0,0.319262,0.947666,T
46.4,42.21,9.16,0.0,0.0,0.0,0.320967,0.94709,T
46.5,42.27,9.2,0.0,0.0,0.0,0.323333,0.946285,T
46.6,42.33,9.26,0.0,0.0,0.0,0.325034,0.945702,T
46.7,42.4,9.31,0.0,0.0,0.0,0.326653,0.945144,T
46.8,42.46,9.35,0.0,0.0,0.0,0.328722,0.944427,T
46.9,42.52,9.4,0.0,0.0,0.0,0.331081,0.943602,T
47.0,42.58,9.46,0.0,0.0,0.0,0.332407,0.943136,T
47.1,42.65,9.51,0.0,0.0,0.0,0.334099,0.942538,T
47.2,42.7,9.55,0.0,0.0,0.0,0.33675,0.941594,T
47.3,42.77,9.61,0.0,0.0,0.0,0.337776,0.941227,T
47.4,42.83,9.66,0.0,0.0,0.0,0.340425,0.940272,T
47.5,42.89,9.71,0.0,0.0,0.0,0.34175,0.939791,T
47.6,42.95,9.76,0.0,0.0,0.0,0.343792,0.939046,T
47.7,43.01,9.81,0.0,0.0,0.0,0.345776,0.938317,T
47.8,43.07,9.86,0.0,0.0,0.0,0.34776,0.937584,T
47.9,43.14,9.92,0.0,0.0,0.0,0.349437,0.93696,T
48.0,43.19,9.97,0.0,0.0,0.0,0.351418,0.936219,T
48.1,43.26,10.03,0.0,0.0,0.0,0.352739,0.935722,T
48.2,43.31,10.07,0.0,0.0,0.0,0.355381,0.934722,T
48.3,43.38,10.13,0.0,0.0,0.0,0.356738,0.934205,T
48.4,43.43,10.18,0.0,0.0,0.0,0.359027,0.933327,T
48.5,43.49,10.24,0.0,0.0,0.0,0.360691,0.932685,T
48.6,43.55,10.29,0.0,0.0,0.0,0.362666,0.931919,T
48.7,43.61,10.35,0.0,0.0,0.0,0.363983,0.931406,T
48.8,43.67,10.4,0.0,0.0,0.0,0.366614,0.930373,T
48.9,43.73,10.45,0.0,0.0,0.0,0.368268,0.92972,T
49.0,43.79,10.51,0.0,0.0,0.0,0.369901,0.929071,T
49.1,43.85,10.57,0.0,0.0,0.0,0.371551,0.928413,T
49.2,43.9,10.62,0.0,0.0,0.0,0.373853,0.927488,T
49.3,43.96,10.67,0.0,0.0,0.0,0.375808,0.926698,T
49.4,44.02,10.73,0.0,0.0,0.0,0.377127,0.926162,T
49.5,44.07,10.79,0.0,0.0,0.0,0.379414,0.925227,T
49.6,44.13,10.85,0.0,0.0,0.0,0.381048,0.924555,T
49.7,44.19,10.9,0.0,0.0,0.0,0.38301,0.923744,T
49.8,44.24,10.96,0.0,0.0,0.0,0.384643,0.923066,T
49.9,44.3,11.02,0.0,0.0,0.0,0.3866,0.922247,T
50.0,44.35,11.07,0.0,0.0,0.0,0.388556,0.921425,T
50.1,44.41,11.13,0.0,0.0,0.0,0.390509,0.920599,T
50.2,44.47,11.19,0.0,0.0,0.0,0.392129,0.91991,T
50.3,44.52,11.25,0.0,0.0,0.0,0.394094,0.91907,T
50.4,44.58,11.31,0.0,0.0,0.0,0.395709,0.918376,T
50.5,44.63,11.36,0.0,0.0,0.0,0.397989,0.91739,T
50.6,44.69,11.42,0.0,0.0,0.0,0.399286,0.916826,T
50.7,44.74,11.48,0.0,0.0,0.0,0.401229,0.915978,T
50.8,44.79,11.54,0.0,0.0,0.0,0.403169,0.915125,T
50.9,44.85,11.6,0.0,0.0,0.0,0.405107,0.914269,T
51.0,44.9,11.66,0.0,0.0,0.0,0.406737,0.913545,T
51.1,44.95,11.72,0.0,0.0,0.0,0.408671,0.912682,T
51.2,45.01,11.78,0.0,0.0,0.0,0.410603,0.911814,T
51.3,45.06,11.84,0.0,0.0,0.0,0.412231,0.911079,T
51.4,45.11,11.9,0.0,0.0,0.0,0.414158,0.910205,T
51.5,45.16,11.96,0.0,0.0,0.0,0.416083,0.909327,T
51.6,45.22,12.02,0.0,0.0,0.0,0.417709,0.908581,T
51.7,45.26,12.08,0.0,0.0,0.0,0.419975,0.907536,T
51.8,45.32,12.14,0.0,0.0,0.0,0.421254,0.906943,T
51.9,45.37,12.2,0.0,0.0,0.0,0.42317,0.90605,T
52.0,45.42,12.27,0.0,0.0,0.0,0.424793,0.90529,T
52.1,45.47,12.32,0.0,0.0,0.0,0.427053,0.904227,T
52.2,45.52,12.39,0.0,0.0,0.0,0.428611,0.903489,T
52.3,45.57,12.45,0.0,0.0,0.0,0.430582,0.902551,T
52.4,45.63,12.52,0.0,0.0,0.0,0.431851,0.901945,T
52.5,45.67,12.57,0.0,0.0,0.0,0.434384,0.900728,T
52.6,45.72,12.64,0.0,0.0,0.0,0.435722,0.900081,T
52.7,45.77,12.7,0.0,0.0,0.0,0.437617,0.899161,T
52.8,45.82,12.76,0.0,0.0,0.0,0.439864,0.898065,T
52.9,45.87,12.83,0.0,0.0,0.0,0.441123,0.897447,T
53.0,45.92,12.89,0.0,0.0,0.0,0.443092,0.896476,T
53.1,45.97,12.96,0.0,0.0,0.0,0.444619,0.89572,T
53.2,46.01,13.02,0.0,0.0,0.0,0.446587,0.89474,T
53.3,46.06,13.08,0.0,0.0,0.0,0.448465,0.8938,T
53.4,46.11,13.15,0.0,0.0,0.0,0.450432,0.892811,T
53.5,46.16,13.22,0.0,0.0,0.0,0.45168,0.89218,T
53.6,46.2,13.28,0.0,0.0,0.0,0.453909,0.891048,T
53.7,46.25,13.34,0.0,0.0,0.0,0.455513,0.890229,T
53.8,46.3,13.41,0.0,0.0,0.0,0.457478,0.889221,T
53.9,46.34,13.47,0.0,0.0,0.0,0.458976,0.888449,T
54.0,46.39,13.54,0.0,0.0,0.0,0.460938,0.887432,T
54.1,46.44,13.6,0.0,0.0,0.0,0.462537,0.8866,T
54.2,46.48,13.67,0.0,0.0,0.0,0.464751,0.885442,T
54.3,46.53,13.74,0.0,0.0,0.0,0.465981,0.884794,T
54.4,46.57,13.8,0.0,0.0,0.0,0.46794,0.88376,T
54.5,46.61,13.87,0.0,0.0,0.0,0.469899,0.88272,T
54.6,46.66,13.94,0.0,0.0,0.0,0.471369,0.881936,T
54.7,46.7,14.0,0.0,0.0,0.0,0.473324,0.880888,T
54.8,46.75,14.07,0.0,0.0,0.0,0.475279,0.879835,T
54.9,46.79,14.14,0.0,0.0,0.0,0.476497,0.879176,T
55.0,46.84,14.2,0.0,0.0,0.0,0.478449,0.878115,T
55.1,46.88,14.27,0.0,0.0,0.0,0.480638,0.876919,T
55.2,46.92,14.34,0.0,0.0,0.0,0.481847,0.876255,T
55.3,46.96,14.4,0.0,0.0,0.0,0.484166,0.874976,T
55.4,47.01,14.48,0.0,0.0,0.0,0.48514,0.874437,T
55.5,47.05,14.54,0.0,0.0,0.0,0.487545,0.873098,T
55.6,47.09,14.61,0.0,0.0,0.0,0.488889,0.872346,T
55.7,47.13,14.68,0.0,0.0,0.0,0.490832,0.871254,T
55.8,47.17,14.75,0.0,0.0,0.0,0.4924,0.870369,T
55.9,47.21,14.81,0.0,0.0,0.0,0.494562,0.869142,T
56.0,47.25,14.89,0.0,0.0,0.0,0.495905,0.868377,T
56.1,47.3,14.96,0.0,0.0,0.0,0.497468,0.867483,T
56.2,47.33,15.02,0.0,0.0,0.0,0.49962,0.866245,T
56.3,47.37,15.09,0.0,0.0,0.0,0.501336,0.865253,T
56.4,47.41,15.16,0.0,0.0,0.0,0.503106,0.864225,T
56.5,47.45,15.23,0.0,0.0,0.0,0.504446,0.863443,T
56.6,47.49,15.3,0.0,0.0,0.0,0.506374,0.862314,T
56.7,47.53,15.37,0.0,0.0,0.0,0.508131,0.86128,T
56.8,47.57,15.44,0.0,0.0,0.0,0.509847,0.860265,T
56.9,47.6,15.51,0.0,0.0,0.0,0.511768,0.859124,T
57.0,47.64,15.58,0.0,0.0,0.0,0.51331,0.858203,T
57.1,47.68,15.65,0.0,0.0,0.0,0.514849,0.857281,T
57.2,47.72,15.72,0.0,0.0,0.0,0.516763,0.856128,T
57.3,47.76,15.8,0.0,0.0,0.0,0.518099,0.855321,T
57.4,47.79,15.86,0.0,0.0,0.0,0.520586,0.853809,T
57.5,47.83,15.94,0.0,0.0,0.0,0.52154,0.853227,T
57.6,47.87,16.01,0.0,0.0,0.0,0.523447,0.852058,T
57.7,47.9,16.08,0.0,0.0,0.0,0.525351,0.850886,T
57.8,47.94,16.15,0.0,0.0,0.0,0.526871,0.849945,T
57.9,47.97,16.22,0.0,0.0,0.0,0.528583,0.848882,T
58.0,48.01,16.29,0.0,0.0,0.0,0.53048,0.847697,T
58.1,48.04,16.37,0.0,0.0,0.0,0.531993,0.846748,T
58.2,48.07,16.44,0.0,0.0,0.0,0.533885,0.845557,T
58.3,48.11,16.51,0.0,0.0,0.0,0.535212,0.844718,T
58.4,48.14,16.58,0.0,0.0,0.0,0.537277,0.843406,T
58.5,48.18,16.66,0.0,0.0,0.0,0.538806,0.84243,T
58.6,48.21,16.73,0.0,0.0,0.0,0.540481,0.841356,T
58.7,48.24,16.8,0.0,0.0,0.0,0.542186,0.840259,T
58.8,48.28,16.88,0.0,0.0,0.0,0.543679,0.839293,T
58.9,48.31,16.95,0.0,0.0,0.0,0.545382,0.838188,T
59.0,48.34,17.02,0.0,0.0,0.0,0.547253,0.836967,T
59.1,48.37,17.09,0.0,0.0,0.0,0.54912,0.835743,T
59.2,48.4,17.17,0.0,0.0,0.0,0.550436,0.834877,T
59.3,48.43,17.24,0.0,0.0,0.0,0.552298,0.833647,T
59.4,48.47,17.32,0.0,0.0,0.0,0.553612,0.832775,T
59.5,48.5,17.39,0.0,0.0,0.0,0.555468,0.831538,T
59.6,48.53,17.47,0.0,0.0,0.0,0.557163,0.830403,T
59.7,48.56,17.54,0.0,0.0,0.0,0.559013,0.829159,T
59.8,48.59,17.62,0.0,0.0,0.0,0.560321,0.828275,T
59.9,48.62,17.69,0.0,0.0,0.0,0.562165,0.827025,T
60.0,48.64,17.76,0.0,0.0,0.0,0.564005,0.825771,T
60.1,48.67,17.84,0.0,0.0,0.0,0.565544,0.824718,T
60.2,48.7,17.91,0.0,0.0,0.0,0.567141,0.823621,T
60.3,48.73,17.99,0.0,0.0,0.0,0.56868,0.822559,T
60.4,48.76,18.06,0.0,0.0,0.0,0.570508,0.821292,T
60.5,48.79,18.14,0.0,0.0,0.0,0.571948,0.82029,T
60.6,48.81,18.21,0.0,0.0,0.0,0.573487,0.819215,T
60.7,48.84,18.29,0.0,0.0,0.0,0.575306,0.817938,T
60.8,48.87,18.36,0.0,0.0,0.0,0.57712,0.81666,T
60.9,48.89,18.44,0.0,0.0,0.0,0.578794,0.815474,T
61.0,48.92,18.52,0.0,0.0,0.0,0.580083,0.814557,T
61.1,48.95,18.59,0.0,0.0,0.0,0.581755,0.813364,T
61.2,48.97,18.66,0.0,0.0,0.0,0.583556,0.812073,T
61.3,48.99,18.74,0.0,0.0,0.0,0.585223,0.810872,T
61.4,49.02,18.82,0.0,0.0,0.0,0.586505,0.809946,T
61.5,49.05,18.89,0.0,0.0,0.0,0.588294,0.808647,T
61.6,49.07,18.97,0.0,0.0,0.0,0.590218,0.807244,T
61.7,49.09,19.05,0.0,0.0,0.0,0.591231,0.806502,T
61.8,49.12,19.12,0.0,0.0,0.0,0.593273,0.805001,T
61.9,49.14,19.2,0.0,0.0,0.0,0.595047,0.803691,T
62.0,49.16,19.28,0.0,0.0,0.0,0.5962,0.802836,T
62.1,49.19,19.35,0.0,0.0,0.0,0.597967,0.801521,T
62.2,49.21,19.43,0.0,0.0,0.0,0.599616,0.800288,T
62.3,49.23,19.51,0.0,0.0,0.0,0.601152,0.799134,T
62.4,49.25,19.58,0.0,0.0,0.0,0.602908,0.797811,T
62.5,49.27,19.66,0.0,0.0,0.0,0.604167,0.796857,T
62.6,49.29,19.73,0.0,0.0,0.0,0.606192,0.795319,T
62.7,49.32,19.81,0.0,0.0,0.0,0.607551,0.794281,T
62.8,49.34,19.89,0.0,0.0,0.0,0.609083,0.793107,T
62.9,49.36,19.97,0.0,0.0,0.0,0.610717,0.791849,T
63.0,49.38,20.05,0.0,0.0,0.0,0.612348,0.790588,T
63.1,49.4,20.12,0.0,0.0,0.0,0.613977,0.789324,T
63.2,49.42,20.2,0.0,0.0,0.0,0.615699,0.787982,T
63.3,49.44,20.28,0.0,0.0,0.0,0.616845,0.787085,T
63.4,49.45,20.35,0.0,0.0,0.0,0.618848,0.785511,T
63.5,49.47,20.44,0.0,0.0,0.0,0.620085,0.784535,T
63.6,49.49,20.51,0.0,0.0,0.0,0.621701,0.783255,T
63.7,49.51,20.59,0.0,0.0,0.0,0.623314,0.781972,T
63.8,49.53,20.67,0.0,0.0,0.0,0.624838,0.780754,T
63.9,49.54,20.75,0.0,0.0,0.0,0.626531,0.779397,T
64.0,49.56,20.82,0.0,0.0,0.0,0.628052,0.778171,T
64.1,49.58,20.9,0.0,0.0,0.0,0.629735,0.77681,T
64.2,49.59,20.98,0.0,0.0,0.0,0.630875,0.775885,T
64.3,49.61,21.06,0.0,0.0,0.0,0.632851,0.774274,T
64.4,49.62,21.14,0.0,0.0,0.0,0.633989,0.773342,T
64.5,49.64,21.21,0.0,0.0,0.0,0.636033,0.771662,T
64.6,49.65,21.3,0.0,0.0,0.0,0.637169,0.770724,T
64.7,49.67,21.38,0.0,0.0,0.0,0.638754,0.769411,T
64.8,49.68,21.45,0.0,0.0,0.0,0.640335,0.768095,T
64.9,49.7,21.53,0.0,0.0,0.0,0.642223,0.766517,T
65.0,49.71,21.61,0.0,0.0,0.0,0.643422,0.765512,T
65.1,49.72,21.69,0.0,0.0,0.0,0.644994,0.764187,T
65.2,49.74,21.77,0.0,0.0,0.0,0.6465,0.762914,T
65.3,49.75,21.85,0.0,0.0,0.0,0.647752,0.761851,T
65.4,49.76,21.93,0.0,0.0,0.0,0.64957,0.760301,T
65.5,49.77,22.0,0.0,0.0,0.0,0.651189,0.758916,T
65.6,49.79,22.08,0.0,0.0,0.0,0.652687,0.757627,T
65.7,49.8,22.16,0.0,0.0,0.0,0.654186,0.756334,T
65.8,49.81,22.25,0.0,0.0,0.0,0.655362,0.755315,T
65.9,49.82,22.32,0.0,0.0,0.0,0.657282,0.753645,T
66.0,49.83,22.4,0.0,0.0,0.0,0.658401,0.752667,T
66.1,49.84,22.48,0.0,0.0,0.0,0.660314,0.75099,T
66.2,49.85,22.56,0.0,0.0,0.0,0.66143,0.750006,T
66.3,49.86,22.64,0.0,0.0,0.0,0.663335,0.748322,T
66.4,49.87,22.72,0.0,0.0,0.0,0.664449,0.747334,T
66.5,49.88,22.8,0.0,0.0,0.0,0.666345,0.745643,T
66.6,49.89,22.88,0.0,0.0,0.0,0.667456,0.744649,T
66.7,49.9,22.95,0.0,0.0,0.0,0.669306,0.742987,T
66.8,49.9,23.04,0.0,0.0,0.0,0.670452,0.741953,T
66.9,49.91,23.12,0.0,0.0,0.0,0.671927,0.740617,T
67.0,49.92,23.19,0.0,0.0,0.0,0.673803,0.738911,T
67.1,49.93,23.28,0.0,0.0,0.0,0.674906,0.737903,T
67.2,49.93,23.36,0.0,0.0,0.0,0.676407,0.736528,T
67.3,49.94,23.43,0.0,0.0,0.0,0.67821,0.734869,T
67.4,49.94,23.52,0.0,0.0,0.0,0.679337,0.733826,T
67.5,49.95,23.6,0.0,0.0,0.0,0.680826,0.732445,T
67.6,49.96,23.67,0.0,0.0,0.0,0.682625,0.730769,T
67.7,49.96,23.76,0.0,0.0,0.0,0.683742,0.729723,T
67.8,49.97,23.84,0.0,0.0,0.0,0.685198,0.728357,T
67.9,49.97,23.92,0.0,0.0,0.0,0.686672,0.726968,T
68.0,49.97,24.0,0.0,0.0,0.0,0.688102,0.725614,T
68.1,49.98,24.07,0.0,0.0,0.0,0.68993,0.723876,T
68.2,49.98,24.16,0.0,0.0,0.0,0.691014,0.722841,T
68.3,49.99,24.24,0.0,0.0,0.0,0.692457,0.721459,T
68.4,49.99,24.32,0.0,0.0,0.0,0.693911,0.720061,T
68.5,49.99,24.39,0.0,0.0,0.0,0.695695,0.718337,T
68.6,49.99,24.48,0.0,0.0,0.0,0.696783,0.717282,T
68.7,50.0,24.56,0.0,0.0,0.0,0.698206,0.715897,T
68.8,50.0,24.64,0.0,0.0,0.0,0.699644,0.714491,T
68.9,50.0,24.72,0.0,0.0,0.0,0.701071,0.713091,T
69.0,50.0,24.79,0.0,0.0,0.0,0.702852,0.711336,T
69.1,50.0,24.88,0.0,0.0,0.0,0.703918,0.710282,T
69.2,50.0,24.96,0.0,0.0,0.0,0.705337,0.708872,T
69.2,50.0,24.96,0.0,0.0,0.0,0.705337,0.708872,S
69.3,50.0,25.1,0.0,0.0,0.0,0.707107,0.707107,S
69.4,50.0,25.2,0.0,0.0,0.0,0.707107,0.707107,S
69.5,50.0,25.3,0.0,0.0,0.0,0.707107,0.707107,S
69.6,50.0,25.4,0.0,0.0,0.0,0.707107,0.707107,S
69.7,50.0,25.5,0.0,0.0,0.0,0.707107,0.707107,S
69.8,50.0,25.6,0.0,0.0,0.0,0.707107,0.707107,S
69.9,50.0,25.7,0.0,0.0,0.0,0.707107,0.707107,S
70.0,50.0,25.8,0.0,0.0,0.0,0.707107,0.707107,S
70.1,50.0,25.9,0.0,0.0,0.0,0.707107,0.707107,S
70.2,50.0,26.0,0.0,0.0,0.0,0.707107,0.707107,S
70.3,50.0,26.1,0.0,0.0,0.0,0.707107,0.707107,S
70.4,50.0,26.2,0.0,0.0,0.0,0.707107,0.707107,S
70.5,50.0,26.3,0.0,0.0,0.0,0.707107,0.707107,S
70.6,50.0,26.4,0.0,0.0,0.0,0.707107,0.707107,S
70.7,50.0,26.5,0.0,0.0,0.0,0.707107,0.707107,S
70.8,50.0,26.6,0.0,0.0,0.0,0.707107,0.707107,S
70.9,50.0,26.7,0.0,0.0,0.0,0.707107,0.707107,S
71.0,50.0,26.8,0.0,0.0,0.0,0.707107,0.707107,S
71.1,50.0,26.9,0.0,0.0,0.0,0.707107,0.707107,S
71.2,50.0,27.0,0.0,0.0,0.0,0.707107,0.707107,S
71.3,50.0,27.1,0.0,0.0,0.0,0.707107,0.707107,S
71.4,50.0,27.2,0.0,0.0,0.0,0.707107,0.707107,S
71.5,50.0,27.3,0.0,0.0,0.0,0.707107,0.707107,S
71.6,50.0,27.4,0.0,0.0,0.0,0.707107,0.707107,S
71.7,50.0,27.5,0.0,0.0,0.0,0.707107,0.707107,S
71.8,50.0,27.6,0.0,0.0,0.0,0.707107,0.707107,S
71.9,50.0,27.7,0.0,0.0,0.0,0.707107,0.707107,S
72.0,50.0,27.8,0.0,0.0,0.0,0.707107,0.707107,S
72.1,50.0,27.9,0.0,0.0,0.0,0.707107,0.707107,S
72.2,50.0,28.0,0.0,0.0,0.0,0.707107,0.707107,S
72.3,50.0,28.1,0.0,0.0,0.0,0.707107,0.707107,S
72.4,50.0,28.2,0.0,0.0,0.0,0.707107,0.707107,S
72.5,50.0,28.3,0.0,0.0,0.0,0.707107,0.707107,S
72.6,50.0,28.4,0.0,0.0,0.0,0.707107,0.707107,S
72.7,50.0,28.5,0.0,0.0,0.0,0.707107,0.707107,S
72.8,50.0,28.6,0.0,0.0,0.0,0.707107,0.707107,S
72.9,50.0,28.7,0.0,0.0,0.0,0.707107,0.707107,S
73.0,50.0,28.8,0.0,0.0,0.0,0.707107,0.707107,S
73.1,50.0,28.9,0.0,0.0,0.0,0.707107,0.707107,S
73.2,50.0,29.0,0.0,0.0,0.0,0.707107,0.707107,S
73.3,50.0,29.1,0.0,0.0,0.0,0.707107,0.707107,S
73.4,50.0,29.2,0.0,0.0,0.0,0.707107,0.707107,S
73.5,50.0,29.3,0.0,0.0,0.0,0.707107,0.707107,S
73.6,50.0,29.4,0.0,0.0,0.0,0.707107,0.707107,S
73.7,50.0,29.5,0.0,0.0,0.0,0.707107,0.707107,S
73.8,50.0,29.6,0.0,0.0,0.0,0.707107,0.707107,S
73.9,50.0,29.7,0.0,0.0,0.0,0.707107,0.707107,S
74.0,50.0,29.8,0.0,0.0,0.0,0.707107,0.707107,S
74.1,50.0,29.9,0.0,0.0,0.0,0.707107,0.707107,S
74.2,50.0,30.0,0.0,0.0,0.0,0.707107,0.707107,S
74.3,50.0,30.1,0.0,0.0,0.0,0.707107,0.707107,S
74.4,50.0,30.2,0.0,0.0,0.0,0.707107,0.707107,S
74.5,50.0,30.3,0.0,0.0,0.0,0.707107,0.707107,S
74.6,50.0,30.4,0.0,0.0,0.0,0.707107,0.707107,S
74.7,50.0,30.5,0.0,0.0,0.0,0.707107,0.707107,S
74.8,50.0,30.6,0.0,0.0,0.0,0.707107,0.707107,S
74.9,50.0,30.7,0.0,0.0,0.0,0.707107,0.707107,S
75.0,50.0,30.8,0.0,0.0,0.0,0.707107,0.707107,S
75.1,50.0,30.9,0.0,0.0,0.0,0.707107,0.707107,S
75.2,50.0,31.0,0.0,0.0,0.0,0.707107,0.707107,S
75.3,50.0,31.1,0.0,0.0,0.0,0.707107,0.707107,S
75.4,50.0,31.2,0.0,0.0,0.0,0.707107,0.707107,S
75.5,50.0,31.3,0.0,0.0,0.0,0.707107,0.707107,S
75.6,50.0,31.4,0.0,0.0,0.0,0.707107,0.707107,S
75.7,50.0,31.5,0.0,0.0,0.0,0.707107,0.707107,S
75.8,50.0,31.6,0.0,0.0,0.0,0.707107,0.707107,S
75.9,50.0,31.7,0.0,0.0,0.0,0.707107,0.707107,S
76.0,50.0,31.8,0.0,0.0,0.0,0.707107,0.707107,S
76.1,50.0,31.9,0.0,0.0,0.0,0.707107,0.707107,S
76.2,50.0,32.0,0.0,0.0,0.0,0.707107,0.707107,S
76.3,50.0,32.1,0.0,0.0,0.0,0.707107,0.707107,S
76.4,50.0,32.2,0.0,0.0,0.0,0.707107,0.707107,S
76.5,50.0,32.3,0.0,0.0,0.0,0.707107,0.707107,S
76.6,50.0,32.4,0.0,0.0,0.0,0.707107,0.707107,S
76.7,50.0,32.5,0.0,0.0,0.0,0.707107,0.707107,S
76.8,50.0,32.6,0.0,0.0,0.0,0.707107,0.707107,S
76.9,50.0,32.7,0.0,0.0,0.0,0.707107,0.707107,S
77.0,50.0,32.8,0.0,0.0,0.0,0.707107,0.707107,S
77.1,50.0,32.9,0.0,0.0,0.0,0.707107,0.707107,S
77.2,50.0,33.0,0.0,0.0,0.0,0.707107,0.707107,S
77.3,50.0,33.1,0.0,0.0,0.0,0.707107,0.707107,S
77.4,50.0,33.2,0.0,0.0,0.0,0.707107,0.707107,S
77.5,50.0,33.3,0.0,0.0,0.0,0.707107,0.707107,S
77.6,50.0,33.4,0.0,0.0,0.0,0.707107,0.707107,S
77.7,50.0,33.5,0.0,0.0,0.0,0.707107,0.707107,S
77.8,50.0,33.6,0.0,0.0,0.0,0.707107,0.707107,S
77.9,50.0,33.7,0.0,0.0,0.0,0.707107,0.707107,S
78.0,50.0,33.8,0.0,0.0,0.0,0.707107,0.707107,S
78.1,50.0,33.9,0.0,0.0,0.0,0.707107,0.707107,S
78.2,50.0,34.0,0.0,0.0,0.0,0.707107,0.707107,S
78.3,50.0,34.1,0.0,0.0,0.0,0.707107,0.707107,S
78.4,50.0,34.2,0.0,0.0,0.0,0.707107,0.707107,S
78.5,50.0,34.3,0.0,0.0,0.0,0.707107,0.707107,S
78.6,50.0,34.4,0.0,0.0,0.0,0.707107,0.707107,S
78.7,50.0,34.5,0.0,0.0,0.0,0.707107,0.707107,S
78.8,50.0,34.6,0.0,0.0,0.0,0.707107,0.707107,S
78.9,50.0,34.7,0.0,0.0,0.0,0.707107,0.707107,S
79.0,50.0,34.8,0.0,0.0,0.0,0.707107,0.707107,S
79.1,50.0,34.9,0.0,0.0,0.0,0.707107,0.707107,S
79.2,50.0,35.0,0.0,0.0,0.0,0.707107,0.707107,S
79.3,50.0,35.1,0.0,0.0,0.0,0.707107,0.707107,S
79.4,50.0,35.2,0.0,0.0,0.0,0.707107,0.707107,S
79.5,50.0,35.3,0.0,0.0,0.0,0.707107,0.707107,S
79.6,50.0,35.4,0.0,0.0,0.0,0.707107,0.707107,S
79.7,50.0,35.5,0.0,0.0,0.0,0.707107,0.707107,S
79.8,50.0,35.6,0.0,0.0,0.0,0.707107,0.707107,S
79.9,50.0,35.7,0.0,0.0,0.0,0.707107,0.707107,S
80.0,50.0,35.8,0.0,0.0,0.0,0.707107,0.707107,S
80.1,50.0,35.9,0.0,0.0,0.0,0.707107,0.707107,S
80.2,50.0,36.0,0.0,0.0,0.0,0.707107,0.707107,S
80.3,50.0,36.1,0.0,0.0,0.0,0.707107,0.707107,S
80.4,50.0,36.2,0.0,0.0,0.0,0.707107,0.707107,S
80.5,50.0,36.3,0.0,0.0,0.0,0.707107,0.707107,S
80.6,50.0,36.4,0.0,0.0,0.0,0.707107,0.707107,S
80.7,50.0,36.5,0.0,0.0,0.0,0.707107,0.707107,S
80.8,50.0,36.6,0.0,0.0,0.0,0.707107,0.707107,S
80.9,50.0,36.7,0.0,0.0,0.0,0.707107,0.707107,S
81.0,50.0,36.8,0.0,0.0,0.0,0.707107,0.707107,S
81.1,50.0,36.9,0.0,0.0,0.0,0.707107,0.707107,S
81.2,50.0,37.0,0.0,0.0,0.0,0.707107,0.707107,S
81.3,50.0,37.1,0.0,0.0,0.0,0.707107,0.707107,S
81.4,50.0,37.2,0.0,0.0,0.0,0.707107,0.707107,S
81.5,50.0,37.3,0.0,0.0,0.0,0.707107,0.707107,S
81.6,50.0,37.4,0.0,0.0,0.0,0.707107,0.707107,S
81.7,50.0,37.5,0.0,0.0,0.0,0.707107,0.707107,S
81.8,50.0,37.6,0.0,0.0,0.0,0.707107,0.707107,S
81.9,50.0,37.7,0.0,0.0,0.0,0.707107,0.707107,S
82.0,50.0,37.8,0.0,0.0,0.0,0.707107,0.707107,S
82.1,50.0,37.9,0.0,0.0,0.0,0.707107,0.707107,S
82.2,50.0,38.0,0.0,0.0,0.0,0.707107,0.707107,S
82.3,50.0,38.1,0.0,0.0,0.0,0.707107,0.707107,S
82.4,50.0,38.2,0.0,0.0,0.0,0.707107,0.707107,S
82.5,50.0,38.3,0.0,0.0,0.0,0.707107,0.707107,S
82.6,50.0,38.4,0.0,0.0,0.0,0.707107,0.707107,S
82.7,50.0,38.5,0.0,0.0,0.0,0.707107,0.707107,S
82.8,50.0,38.6,0.0,0.0,0.0,0.707107,0.707107,S
82.9,50.0,38.7,0.0,0.0,0.0,0.707107,0.707107,S
83.0,50.0,38.8,0.0,0.0,0.0,0.707107,0.707107,S
83.1,50.0,38.9,0.0,0.0,0.0,0.707107,0.707107,S
83.2,50.0,39.0,0.0,0.0,0.0,0.707107,0.707107,S
83.3,50.0,39.1,0.0,0.0,0.0,0.707107,0.707107,S
83.4,50.0,39.2,0.0,0.0,0.0,0.707107,0.707107,S
83.5,50.0,39.3,0.0,0.0,0.0,0.707107,0.707107,S
83.6,50.0,39.4,0.0,0.0,0.0,0.707107,0.707107,S
83.7,50.0,39.5,0.0,0.0,0.0,0.707107,0.707107,S
83.8,50.0,39.6,0.0,0.0,0.0,0.707107,0.707107,S
83.9,50.0,39.7,0.0,0.0,0.0,0.707107,0.707107,S
84.0,50.0,39.8,0.0,0.0,0.0,0.707107,0.707107,S
84.1,50.0,39.9,0.0,0.0,0.0,0.707107,0.707107,S
84.2,50.0,40.0,0.0,0.0,0.0,0.707107,0.707107,S
84.3,50.0,40.1,0.0,0.0,0.0,0.707107,0.707107,S
84.4,50.0,40.2,0.0,0.0,0.0,0.707107,0.707107,S
84.5,50.0,40.3,0.0,0.0,0.0,0.707107,0.707107,S
84.6,50.0,40.4,0.0,0.0,0.0,0.707107,0.707107,S
84.7,50.0,40.5,0.0,0.0,0.0,0.707107,0.707107,S
84.8,50.0,40.6,0.0,0.0,0.0,0.707107,0.707107,S
84.9,50.0,40.7,0.0,0.0,0.0,0.707107,0.707107,S
85.0,50.0,40.8,0.0,0.0,0.0,0.707107,0.707107,S
85.1,50.0,40.9,0.0,0.0,0.0,0.707107,0.707107,S
85.2,50.0,41.0,0.0,0.0,0.0,0.707107,0.707107,S
85.3,50.0,41.1,0.0,0.0,0.0,0.707107,0.707107,S
85.4,50.0,41.2,0.0,0.0,0.0,0.707107,0.707107,S
85.5,50.0,41.3,0.0,0.0,0.0,0.707107,0.707107,S
85.6,50.0,41.4,0.0,0.0,0.0,0.707107,0.707107,S
85.7,50.0,41.5,0.0,0.0,0.0,0.707107,0.707107,S
85.8,50.0,41.6,0.0,0.0,0.0,0.707107,0.707107,S
85.9,50.0,41.7,0.0,0.0,0.0,0.707107,0.707107,S
86.0,50.0,41.8,0.0,0.0,0.0,0.707107,0.707107,S
86.1,50.0,41.9,0.0,0.0,0.0,0.707107,0.707107,S
86.2,50.0,42.0,0.0,0.0,0.0,0.707107,0.707107,S
86.3,50.0,42.1,0.0,0.0,0.0,0.707107,0.707107,S
86.4,50.0,42.2,0.0,0.0,0.0,0.707107,0.707107,S
86.5,50.0,42.3,0.0,0.0,0.0,0.707107,0.707107,S
86.6,50.0,42.4,0.0,0.0,0.0,0.707107,0.707107,S
86.7,50.0,42.5,0.0,0.0,0.0,0.707107,0.707107,S
86.8,50.0,42.6,0.0,0.0,0.0,0.707107,0.707107,S
86.9,50.0,42.7,0.0,0.0,0.0,0.707107,0.707107,S
87.0,50.0,42.8,0.0,0.0,0.0,0.707107,0.707107,S
87.1,50.0,42.9,0.0,0.0,0.0,0.707107,0.707107,S
87.2,50.0,43.0,0.0,0.0,0.0,0.707107,0.707107,S
87.3,50.0,43.1,0.0,0.0,0.0,0.707107,0.707107,S
87.4,50.0,43.2,0.0,0.0,0.0,0.707107,0.707107,S
87.5,50.0,43.3,0.0,0.0,0.0,0.707107,0.707107,S
87.6,50.0,43.4,0.0,0.0,0.0,0.707107,0.707107,S
87.7,50.0,43.5,0.0,0.0,0.0,0.707107,0.707107,S
87.8,50.0,43.6,0.0,0.0,0.0,0.707107,0.707107,S
87.9,50.0,43.7,0.0,0.0,0.0,0.707107,0.707107,S
88.0,50.0,43.8,0.0,0.0,0.0,0.707107,0.707107,S
88.1,50.0,43.9,0.0,0.0,0.0,0.707107,0.707107,S
88.2,50.0,44.0,0.0,0.0,0.0,0.707107,0.707107,S
88.3,50.0,44.1,0.0,0.0,0.0,0.707107,0.707107,S
88.4,50.0,44.2,0.0,0.0,0.0,0.707107,0.707107,S
88.5,50.0,44.3,0.0,0.0,0.0,0.707107,0.707107,S
88.6,50.0,44.4,0.0,0.0,0.0,0.707107,0.707107,S
88.7,50.0,44.5,0.0,0.0,0.0,0.707107,0.707107,S
88.8,50.0,44.6,0.0,0.0,0.0,0.707107,0.707107,S
88.9,50.0,44.7,0.0,0.0,0.0,0.707107,0.707107,S
89.0,50.0,44.8,0.0,0.0,0.0,0.707107,0.707107,S
89.1,50.0,44.9,0.0,0.0,0.0,0.707107,0.707107,S
89.2,50.0,45.0,0.0,0.0,0.0,0.707107,0.707107,S
89.3,50.0,45.1,0.0,0.0,0.0,0.707107,0.707107,S
89.4,50.0,45.2,0.0,0.0,0.0,0.707107,0.707107,S
89.5,50.0,45.3,0.0,0.0,0.0,0.707107,0.707107,S
89.6,50.0,45.4,0.0,0.0,0.0,0.707107,0.707107,S
89.7,50.0,45.5,0.0,0.0,0.0,0.707107,0.707107,S
89.8,50.0,45.6,0.0,0.0,0.0,0.707107,0.707107,S
89.9,50.0,45.7,0.0,0.0,0.0,0.707107,0.707107,S
90.0,50.0,45.8,0.0,0.0,0.0,0.707107,0.707107,S
90.1,50.0,45.9,0.0,0.0,0.0,0.707107,0.707107,S
90.2,50.0,46.0,0.0,0.0,0.0,0.707107,0.707107,S
90.3,50.0,46.1,0.0,0.0,0.0,0.707107,0.707107,S
90.4,50.0,46.2,0.0,0.0,0.0,0.707107,0.707107,S
90.5,50.0,46.3,0.0,0.0,0.0,0.707107,0.707107,S
90.6,50.0,46.4,0.0,0.0,0.0,0.707107,0.707107,S
90.7,50.0,46.5,0.0,0.0,0.0,0.707107,0.707107,S
90.8,50.0,46.6,0.0,0.0,0.0,0.707107,0.707107,S
90.9,50.0,46.7,0.0,0.0,0.0,0.707107,0.707107,S
91.0,50.0,46.8,0.0,0.0,0.0,0.707107,0.707107,S
91.1,50.0,46.9,0.0,0.0,0.0,0.707107,0.707107,S
91.2,50.0,47.0,0.0,0.0,0.0,0.707107,0.707107,S
91.3,50.0,47.1,0.0,0.0,0.0,0.707107,0.707107,S
91.4,50.0,47.2,0.0,0.0,0.0,0.707107,0.707107,S
91.5,50.0,47.3,0.0,0.0,0.0,0.707107,0.707107,S
91.6,50.0,47.4,0.0,0.0,0.0,0.707107,0.707107,S
91.7,50.0,47.5,0.0,0.0,0.0,0.707107,0.707107,S
91.8,50.0,47.6,0.0,0.0,0.0,0.707107,0.707107,S
91.9,50.0,47.7,0.0,0.0,0.0,0.707107,0.707107,S
92.0,50.0,47.8,0.0,0.0,0.0,0.707107,0.707107,S
92.1,50.0,47.9,0.0,0.0,0.0,0.707107,0.707107,S
92.2,50.0,48.0,0.0,0.0,0.0,0.707107,0.707107,S
92.3,50.0,48.1,0.0,0.0,0.0,0.707107,0.707107,S
92.4,50.0,48.2,0.0,0.0,0.0,0.707107,0.707107,S
92.5,50.0,48.3,0.0,0.0,0.0,0.707107,0.707107,S
92.6,50.0,48.4,0.0,0.0,0.0,0.707107,0.707107,S
92.7,50.0,48.5,0.0,0.0,0.0,0.707107,0.707107,S
92.8,50.0,48.6,0.0,0.0,0.0,0.707107,0.707107,S
92.9,50.0,48.7,0.0,0.0,0.0,0.707107,0.707107,S
93.0,50.0,48.8,0.0,0.0,0.0,0.707107,0.707107,S
93.1,50.0,48.9,0.0,0.0,0.0,0.707107,0.707107,S
93.2,50.0,49.0,0.0,0.0,0.0,0.707107,0.707107,S
93.3,50.0,49.1,0.0,0.0,0.0,0.707107,0.707107,S
93.4,50.0,49.2,0.0,0.0,0.0,0.707107,0.707107,S
93.5,50.0,49.3,0.0,0.0,0.0,0.707107,0.707107,S
93.6,50.0,49.4,0.0,0.0,0.0,0.707107,0.707107,S
93.7,50.0,49.5,0.0,0.0,0.0,0.707107,0.707107,S
93.8,50.0,49.6,0.0,0.0,0.0,0.707107,0.707107,S
93.9,50.0,49.7,0.0,0.0,0.0,0.707107,0.707107,S
94.0,50.0,49.8,0.0,0.0,0.0,0.707107,0.707107,S
94.1,50.0,49.9,0.0,0.0,0.0,0.707107,0.707107,S
94.2,50.0,50.0,0.0,0.0,0.0,0.707107,0.707107,S
